Workbook
Name Slicer_College: #N/A
Name Slicer_Final_Result: #N/A
Name Slicer_Job_Role: #N/A

Sheet job_details
A1: Job_ID | B1: Job_Role | C1: Department | D1: Location
A2: 101 | B2: Data Analyst | C2: Analytics | D2: Chennai
A3: 102 | B3: SQL Developer | C3: Database | D3: Bangalore
A4: 103 | B4: Power BI Developer | C4: Business Intelligence | D4: Hyderabad
A5: 104 | B5: Business Analyst | C5: Business Analysis | D5: Chennai
A6: 105 | B6: Python Developer | C6: Software Development | D6: Pune
A7: 106 | B7: Java Developer | C7: Software Development | D7: Bangalore
A8: 107 | B8: Full Stack Developer | C8: Web Development | D8: Hyderabad
A9: 108 | B9: QA Engineer | C9: Quality Assurance | D9: Chennai
A10: 109 | B10: Cloud Support Engineer | C10: Cloud Operations | D10: Noida
A11: 110 | B11: AI Engineer | C11: Artificial Intelligence | D11: Bangalore
A12: 111 | B12: Data Engineer | C12: Data Engineering | D12: Chennai
A13: 112 | B13: DevOps Engineer | C13: DevOps | D13: Hyderabad
... A21: 120 | B21: Technical Support Engineer | C21: Customer Support | D21: Chennai

Sheet candidate_details
A1: Candidate_ID | B1: Candidate_Name | C1: College | D1: Location | E1: CGPA | F1: Job_ID
A2: 1 | B2: Arun Kumar | C2: Anna University | D2: Chennai | E2: 8.4 | F2: 101
A3: 2 | B3: Priya Sharma | C3: SRM Institute of Science and Technology | D3: Chennai | E3: 7.8 | F3: 103
A4: 3 | B4: Karthik Raj | C4: SSN College of Engineering | D4: Chennai | E4: 8.9 | F4: 102
A5: 4 | B5: Divya S | C5: VIT Chennai | D5: Chennai | E5: 7.5 | F5: 104
A6: 5 | B6: Rahul Kumar | C6: PSG College of Technology | D6: Coimbatore | E6: 9.1 | F6: 105
A7: 6 | B7: Ananya R | C7: Sathyabama University | D7: Chennai | E7: 8.2 | F7: 107
A8: 7 | B8: Vignesh M | C8: Kumaraguru College of Technology | D8: Coimbatore | E8: 7.6 | F8: 106
A9: 8 | B9: Keerthana P | C9: Rajalakshmi Engineering College | D9: Chennai | E9: 8.7 | F9: 108
A10: 9 | B10: Sanjay K | C10: Loyola College | D10: Chennai | E10: 7.9 | F10: 109
A11: 10 | B11: Harini V | C11: Amrita University | D11: Coimbatore | E11: 9.3 | F11: 110
A12: 11 | B12: Ajay Prakash | C12: MIT Chennai | D12: Chennai | E12: 7.2 | F12: 111
A13: 12 | B13: Nithya Devi | C13: Hindustan Institute of Technology | D13: Chennai | E13: 8.5 | F13: 112
... A101: 100 | B101: Kavya Priya | C101: MIT Chennai | D101: Chennai | E101: 8.8 | F101: 120

Sheet Sheet4
A3: Row Labels | B3: Count of Candidate_ID
A4: 7-7.9 | B4: 32
A5: 8-8.9 | B5: 50
A6: 9-10 | B6: 18
A7: Grand Total | B7: 100

Sheet Merged_Data
A1: Candidate_ID | B1: Candidate_Name | C1: College | D1: Location | E1: CGPA | F1: Job_ID | G1: Job_Roles | H1: CGPA_Range
A2: 1 | B2: Arun Kumar | C2: Anna University | D2: Chennai | E2: 8.4 | F2: 101 | G2: =_xlfn.XLOOKUP(F2,job_details!$A:$A,job_details!$B:$B) -> Data Analyst | H2: =IF(E2>=9,"9-10",IF(E2>=8,"8-8.9",IF(E2>=7,"7-7.9","Below 7"))) -> 8-8.9
A3: 2 | B3: Priya Sharma | C3: SRM Institute of Science and Technology | D3: Chennai | E3: 7.8 | F3: 103 | G3: =_xlfn.XLOOKUP(F3,job_details!$A:$A,job_details!$B:$B) -> Power BI Developer | H3: =IF(E3>=9,"9-10",IF(E3>=8,"8-8.9",IF(E3>=7,"7-7.9","Below 7"))) -> 7-7.9
A4: 3 | B4: Karthik Raj | C4: SSN College of Engineering | D4: Chennai | E4: 8.9 | F4: 102 | G4: =_xlfn.XLOOKUP(F4,job_details!$A:$A,job_details!$B:$B) -> SQL Developer | H4: =IF(E4>=9,"9-10",IF(E4>=8,"8-8.9",IF(E4>=7,"7-7.9","Below 7"))) -> 8-8.9
A5: 4 | B5: Divya S | C5: VIT Chennai | D5: Chennai | E5: 7.5 | F5: 104 | G5: =_xlfn.XLOOKUP(F5,job_details!$A:$A,job_details!$B:$B) -> Business Analyst | H5: =IF(E5>=9,"9-10",IF(E5>=8,"8-8.9",IF(E5>=7,"7-7.9","Below 7"))) -> 7-7.9
A6: 5 | B6: Rahul Kumar | C6: PSG College of Technology | D6: Coimbatore | E6: 9.1 | F6: 105 | G6: =_xlfn.XLOOKUP(F6,job_details!$A:$A,job_details!$B:$B) -> Python Developer | H6: =IF(E6>=9,"9-10",IF(E6>=8,"8-8.9",IF(E6>=7,"7-7.9","Below 7"))) -> 9-10
A7: 6 | B7: Ananya R | C7: Sathyabama University | D7: Chennai | E7: 8.2 | F7: 107 | G7: =_xlfn.XLOOKUP(F7,job_details!$A:$A,job_details!$B:$B) -> Full Stack Developer | H7: =IF(E7>=9,"9-10",IF(E7>=8,"8-8.9",IF(E7>=7,"7-7.9","Below 7"))) -> 8-8.9
A8: 7 | B8: Vignesh M | C8: Kumaraguru College of Technology | D8: Coimbatore | E8: 7.6 | F8: 106 | G8: =_xlfn.XLOOKUP(F8,job_details!$A:$A,job_details!$B:$B) -> Java Developer | H8: =IF(E8>=9,"9-10",IF(E8>=8,"8-8.9",IF(E8>=7,"7-7.9","Below 7"))) -> 7-7.9
A9: 8 | B9: Keerthana P | C9: Rajalakshmi Engineering College | D9: Chennai | E9: 8.7 | F9: 108 | G9: =_xlfn.XLOOKUP(F9,job_details!$A:$A,job_details!$B:$B) -> QA Engineer | H9: =IF(E9>=9,"9-10",IF(E9>=8,"8-8.9",IF(E9>=7,"7-7.9","Below 7"))) -> 8-8.9
A10: 9 | B10: Sanjay K | C10: Loyola College | D10: Chennai | E10: 7.9 | F10: 109 | G10: =_xlfn.XLOOKUP(F10,job_details!$A:$A,job_details!$B:$B) -> Cloud Support Engineer | H10: =IF(E10>=9,"9-10",IF(E10>=8,"8-8.9",IF(E10>=7,"7-7.9","Below 7"))) -> 7-7.9
A11: 10 | B11: Harini V | C11: Amrita University | D11: Coimbatore | E11: 9.3 | F11: 110 | G11: =_xlfn.XLOOKUP(F11,job_details!$A:$A,job_details!$B:$B) -> AI Engineer | H11: =IF(E11>=9,"9-10",IF(E11>=8,"8-8.9",IF(E11>=7,"7-7.9","Below 7"))) -> 9-10
A12: 11 | B12: Ajay Prakash | C12: MIT Chennai | D12: Chennai | E12: 7.2 | F12: 111 | G12: =_xlfn.XLOOKUP(F12,job_details!$A:$A,job_details!$B:$B) -> Data Engineer | H12: =IF(E12>=9,"9-10",IF(E12>=8,"8-8.9",IF(E12>=7,"7-7.9","Below 7"))) -> 7-7.9
A13: 12 | B13: Nithya Devi | C13: Hindustan Institute of Technology | D13: Chennai | E13: 8.5 | F13: 112 | G13: =_xlfn.XLOOKUP(F13,job_details!$A:$A,job_details!$B:$B) -> DevOps Engineer | H13: =IF(E13>=9,"9-10",IF(E13>=8,"8-8.9",IF(E13>=7,"7-7.9","Below 7"))) -> 8-8.9
... A101: 100 | B101: Kavya Priya | C101: MIT Chennai | D101: Chennai | E101: 8.8 | F101: 120 | G101: =_xlfn.XLOOKUP(F101,job_details!$A:$A,job_details!$B:$B) -> Technical Support Engineer | H101: =IF(E101>=9,"9-10",IF(E101>=8,"8-8.9",IF(E101>=7,"7-7.9","Below 7"))) -> 8-8.9

Sheet candidate_skills
A1: Candidate_ID | B1: SQL_Skills | C1: Python_Skills | D1: Excel_Skills | E1: PowerBi_Skills | F1: Communication_Skills | G1: ProblemSolving_Skills
A2: 1 | B2: 8 | C2: 7 | D2: 9 | E2: 8 | F2: 8 | G2: 8
A3: 2 | B3: 7 | C3: 6 | D3: 8 | E3: 9 | F3: 9 | G3: 7
A4: 3 | B4: 9 | C4: 8 | D4: 8 | E4: 7 | F4: 8 | G4: 9
A5: 4 | B5: 6 | C5: 7 | D5: 7 | E5: 8 | F5: 8 | G5: 7
A6: 5 | B6: 9 | C6: 9 | D6: 8 | E6: 8 | F6: 9 | G6: 9
A7: 6 | B7: 8 | C7: 7 | D7: 9 | E7: 9 | F7: 8 | G7: 8
A8: 7 | B8: 7 | C8: 8 | D8: 7 | E8: 6 | F8: 7 | G8: 8
A9: 8 | B9: 8 | C9: 6 | D9: 9 | E9: 8 | F9: 9 | G9: 8
A10: 9 | B10: 7 | C10: 7 | D10: 8 | E10: 7 | F10: 8 | G10: 7
A11: 10 | B11: 9 | C11: 10 | D11: 9 | E11: 8 | F11: 9 | G11: 9
A12: 11 | B12: 8 | C12: 8 | D12: 7 | E12: 8 | F12: 7 | G12: 8
A13: 12 | B13: 7 | C13: 9 | D13: 8 | E13: 9 | F13: 8 | G13: 8
... A101: 100 | B101: 10 | C101: 9 | D101: 10 | E101: 10 | F101: 10 | G101: 10

Sheet interview_results
A1: Candidate_ID | B1: Aptitude_Score | C1: Technical_Score | D1: HR_Score | E1: Final_Result
A2: 1 | B2: 82 | C2: 85 | D2: 88 | E2: Selected
A3: 2 | B3: 75 | C3: 78 | D3: 80 | E3: Selected
A4: 3 | B4: 90 | C4: 92 | D4: 89 | E4: Selected
A5: 4 | B5: 68 | C5: 70 | D5: 72 | E5: Hold
A6: 5 | B6: 94 | C6: 91 | D6: 93 | E6: Selected
A7: 6 | B7: 80 | C7: 84 | D7: 86 | E7: Selected
A8: 7 | B8: 72 | C8: 75 | D8: 74 | E8: Hold
A9: 8 | B9: 86 | C9: 88 | D9: 90 | E9: Selected
A10: 9 | B10: 65 | C10: 68 | D10: 70 | E10: Rejected
A11: 10 | B11: 95 | C11: 96 | D11: 94 | E11: Selected
A12: 11 | B12: 78 | C12: 80 | D12: 79 | E12: Selected
A13: 12 | B13: 84 | C13: 86 | D13: 85 | E13: Selected
... A101: 100 | B101: 100 | C101: 99 | D101: 100 | E101: Selected

Sheet Dashboard
A1: Recruitment Analytics Dashboard
A4: Total Candidates 100 | E4: Selected Candidates 63 | I4: Rejected Candidates 22 | M4: Selection Rate 63%

Sheet PT_College
A3: Row Labels | B3: Count of Candidate_ID
A4: Amrita University | B4: 8
A5: Anna University | B5: 8
A6: Hindustan Institute of Technology | B6: 4
A7: Kongu Engineering College | B7: 7
A8: Kumaraguru College of Technology | B8: 6
A9: Loyola College | B9: 7
A10: MIT Chennai | B10: 8
A11: PSG College of Technology | B11: 8
A12: Rajalakshmi Engineering College | B12: 7
A13: Sathyabama University | B13: 6
A14: Saveetha Engineering College | B14: 7
A15: SRM Institute of Science and Technology | B15: 8
... A18: Grand Total | B18: 100

Sheet PT_JobRole
A3: Row Labels | B3: Count of Job_ID
A4: AI Engineer | B4: 1
A5: Backend Developer | B5: 1
A6: Business Analyst | B6: 1
A7: Cloud Support Engineer | B7: 1
A8: Cyber Security Analyst | B8: 1
A9: Data Analyst | B9: 1
A10: Data Engineer | B10: 1
A11: DevOps Engineer | B11: 1
A12: Frontend Developer | B12: 1
A13: Full Stack Developer | B13: 1
A14: Java Developer | B14: 1
A15: Machine Learning Engineer | B15: 1
... A24: Grand Total | B24: 20

Sheet PT_JobID
A3: Row Labels | B3: Count of Candidate_ID
A4: 101 | B4: 5
A5: 102 | B5: 5
A6: 103 | B6: 5
A7: 104 | B7: 5
A8: 105 | B8: 5
A9: 106 | B9: 5
A10: 107 | B10: 5
A11: 108 | B11: 5
A12: 109 | B12: 5
A13: 110 | B13: 5
A14: 111 | B14: 5
A15: 112 | B15: 5
... A23: 120 | B23: 5
A24: Grand Total | B24: 100

Sheet PT_FinalResult
A3: Row Labels | B3: Count of Candidate_ID
A4: Hold | B4: 17
A5: Rejected | B5: 7
A6: Selected | B6: 76
A7: Grand Total | B7: 100

Sheet PT_AvgAptitude
A3: Row Labels | B3: Average of Aptitude_Score
A4: Hold | B4: 72.235294
A5: Rejected | B5: 64.571429
A6: Selected | B6: 87.328947
A7: Grand Total | B7: 83.17
